Train_34;0.0;0;0
Train_34;0.1;0;0
Train_34;0.2;0;0
Train_34;0.3;0;0
Train_34;0.4;0;0
Train_34;0.5;0;0
Train_34;0.6;0;0
Train_34;0.7;0;0
Train_34;0.8;0;0
Train_34;0.9;0;0
Train_34;1.0;0;0
Train_34;1.1;0;0
Train_34;1.2;0;0
Train_34;1.3;0;0
Train_34;1.4;0;0
Train_34;1.5;0;0
Train_34;1.6;0;0
Train_34;1.7;0;0
Train_34;1.8;0;0
Train_34;1.9;0;0
Train_34;2.0;0;0
Train_34;2.1;0;0
Train_34;2.2;0;0
Train_34;2.3;0;0
Train_34;2.4;0;0
Train_34;2.5;0;0
Train_34;2.6;0;0
Train_34;2.7;0;0
Train_34;2.8;0;0
Train_34;2.9;0;0
Train_34;3.0;0;1
Train_34;3.1;0;1
Train_34;3.2;0;1
Train_34;3.3;0;1
Train_34;3.4;0;1
Train_34;3.5;0;1
Train_34;3.6;0;1
Train_34;3.7;1;1
Train_34;3.8;1;1
Train_34;3.9;1;1
Train_34;4.0;1;1
Train_34;4.1;1;1
Train_34;4.2;1;1
Train_34;4.3;1;1
Train_34;4.4;1;1
Train_34;4.5;1;1
Train_34;4.6;0;1
Train_34;4.7;0;1
Train_34;4.8;0;1
Train_34;4.9;0;1
Train_34;5.0;0;1
Train_34;5.1;0;1
Train_34;5.2;0;1
Train_34;5.3;0;1
Train_34;5.4;0;1
Train_34;5.5;0;1
Train_34;5.6;0;1
Train_34;5.7;0;1
Train_34;5.8;0;1
Train_34;5.9;0;1
Train_34;6.0;0;1
Train_34;6.1;1;1
Train_34;6.2;1;1
Train_34;6.3;1;1
Train_34;6.4;1;1
Train_34;6.5;1;1
Train_34;6.6;1;1
Train_34;6.7;1;1
Train_34;6.8;1;1
Train_34;6.9;1;1
Train_34;7.0;0;1
Train_34;7.1;0;1
Train_34;7.2;0;1
Train_34;7.3;0;1
Train_34;7.4;0;1
Train_34;7.5;0;1
Train_34;7.6;0;1
Train_34;7.7;0;1
Train_34;7.8;0;1
Train_34;7.9;0;1
Train_34;8.0;0;1
Train_34;8.1;0;1
Train_34;8.2;0;1
Train_34;8.3;0;1
Train_34;8.4;0;1
Train_34;8.5;0;1
Train_34;8.6;0;1
Train_34;8.7;0;1
Train_34;8.8;0;1
Train_34;8.9;0;1
Train_34;9.0;0;1
Train_34;9.1;0;1
Train_34;9.2;0;1
Train_34;9.3;0;1
Train_34;9.4;0;1
Train_34;9.5;0;1
Train_34;9.6;0;1
Train_34;9.7;0;1
Train_34;9.8;0;1
Train_34;9.9;0;1
Train_34;10.0;0;1
Train_34;10.1;0;1
Train_34;10.2;0;1
Train_34;10.3;0;1
Train_34;10.4;0;1
Train_34;10.5;0;1
Train_34;10.6;0;1
Train_34;10.7;0;1
Train_34;10.8;0;1
Train_34;10.9;0;1
Train_34;11.0;0;1
Train_34;11.1;0;1
Train_34;11.2;0;1
Train_34;11.3;0;1
Train_34;11.4;0;1
Train_34;11.5;0;1
Train_34;11.6;0;1
Train_34;11.7;0;1
Train_34;11.8;0;1
Train_34;11.9;0;1
Train_34;12.0;0;1
Train_34;12.1;0;1
Train_34;12.2;0;1
Train_34;12.3;0;1
Train_34;12.4;0;1
Train_34;12.5;0;1
Train_34;12.6;0;1
Train_34;12.7;0;1
Train_34;12.8;0;1
Train_34;12.9;0;1
Train_34;13.0;0;1
Train_34;13.1;0;1
Train_34;13.2;0;1
Train_34;13.3;0;1
Train_34;13.4;0;1
Train_34;13.5;0;1
Train_34;13.6;0;1
Train_34;13.7;0;1
Train_34;13.8;0;1
Train_34;13.9;0;1
Train_34;14.0;0;1
Train_34;14.1;0;1
Train_34;14.2;0;1
Train_34;14.3;0;1
Train_34;14.4;0;1
Train_34;14.5;0;1
Train_34;14.6;0;1
Train_34;14.7;0;1
Train_34;14.8;0;1
Train_34;14.9;0;1
Train_34;15.0;0;1
Train_34;15.1;0;1
Train_34;15.2;0;1
Train_34;15.3;0;1
Train_34;15.4;0;1
Train_34;15.5;0;1
Train_34;15.6;0;1
Train_34;15.7;0;1
Train_34;15.8;0;1
Train_34;15.9;0;1
Train_34;16.0;0;1
Train_34;16.1;0;1
Train_34;16.2;0;1
Train_34;16.3;0;1
Train_34;16.4;0;1
Train_34;16.5;0;1
Train_34;16.6;0;1
Train_34;16.7;0;1
Train_34;16.8;0;1
Train_34;16.9;0;1
Train_34;17.0;0;1
Train_34;17.1;0;1
Train_34;17.2;0;1
Train_34;17.3;0;1
Train_34;17.4;0;1
Train_34;17.5;0;1
Train_34;17.6;0;1
Train_34;17.7;0;1
Train_34;17.8;0;1
Train_34;17.9;0;1
Train_34;18.0;0;1
Train_34;18.1;0;1
Train_34;18.2;0;1
Train_34;18.3;0;1
Train_34;18.4;0;1
Train_34;18.5;0;1
Train_34;18.6;0;1
Train_34;18.7;0;1
Train_34;18.8;0;1
Train_34;18.9;0;1
Train_34;19.0;0;1
Train_34;19.1;0;1
Train_34;19.2;0;1
Train_34;19.3;0;1
Train_34;19.4;0;1
Train_34;19.5;0;1
Train_34;19.6;0;1
Train_34;19.7;0;1
Train_34;19.8;0;0
Train_34;19.9;0;0
Train_34;20.0;0;0
Train_34;20.1;0;0
Train_34;20.2;0;0
Train_34;20.3;0;0
Train_34;20.4;0;1
Train_34;20.5;0;1
Train_34;20.6;0;1
Train_34;20.7;1;0
Train_34;20.8;1;0
Train_34;20.9;1;0
Train_34;21.0;1;0
Train_34;21.1;1;0
Train_34;21.2;1;0
Train_34;21.3;1;0
Train_34;21.4;1;0
Train_34;21.5;1;0
Train_34;21.6;0;0
Train_34;21.7;0;1
Train_34;21.8;0;1
Train_34;21.9;0;1
Train_34;22.0;0;1
Train_34;22.1;0;1
Train_34;22.2;0;1
Train_34;22.3;0;1
Train_34;22.4;0;1
Train_34;22.5;0;1
Train_34;22.6;0;1
Train_34;22.7;0;1
Train_34;22.8;0;1
Train_34;22.9;0;1
Train_34;23.0;0;1
Train_34;23.1;0;1
Train_34;23.2;0;1
Train_34;23.3;0;1
Train_34;23.4;0;1
Train_34;23.5;0;1
Train_34;23.6;0;1
Train_34;23.7;0;1
Train_34;23.8;0;0
Train_34;23.9;0;0
Train_34;24.0;0;0
Train_34;24.1;0;0
Train_34;24.2;0;0
Train_34;24.3;0;0
Train_34;24.4;0;1
Train_34;24.5;0;1
Train_34;24.6;0;1
Train_34;24.7;0;1
Train_34;24.8;0;1
Train_34;24.9;0;0
Train_34;25.0;0;0
Train_34;25.1;0;0
Train_34;25.2;0;0
Train_34;25.3;0;0
Train_34;25.4;0;0
Train_34;25.5;0;0
Train_34;25.6;0;0
Train_34;25.7;0;0
Train_34;25.8;0;0
Train_34;25.9;0;0
Train_34;26.0;0;0
Train_34;26.1;0;0
Train_34;26.2;0;0
Train_34;26.3;0;0
Train_34;26.4;0;0
Train_34;26.5;0;0
Train_34;26.6;0;0
Train_34;26.7;0;0
Train_34;26.8;0;0
Train_34;26.9;0;0
Train_34;27.0;0;0
Train_34;27.1;0;0
Train_34;27.2;0;0
Train_34;27.3;0;0
Train_34;27.4;0;0
Train_34;27.5;0;0
Train_34;27.6;0;0
Train_34;27.7;0;0
Train_34;27.8;0;0
Train_34;27.9;0;0
Train_34;28.0;0;0
Train_34;28.1;0;0
Train_34;28.2;0;0
Train_34;28.3;0;0
Train_34;28.4;0;0
Train_34;28.5;0;0
Train_34;28.6;0;0
Train_34;28.7;0;0
Train_34;28.8;0;0
Train_34;28.9;0;0
Train_34;29.0;0;0
Train_34;29.1;0;0
Train_34;29.2;0;0
Train_34;29.3;0;0
Train_34;29.4;0;0
Train_34;29.5;0;0
Train_34;29.6;0;0
Train_34;29.7;0;0
Train_34;29.8;0;0
Train_34;29.9;0;0
Train_34;30.0;0;0
Train_34;30.1;0;0
Train_34;30.2;0;0
Train_34;30.3;0;0
Train_34;30.4;0;0
Train_34;30.5;0;0
Train_34;30.6;0;0
Train_34;30.7;0;1
Train_34;30.8;0;1
Train_34;30.9;0;1
Train_34;31.0;0;1
Train_34;31.1;0;1
Train_34;31.2;0;1
Train_34;31.3;0;1
Train_34;31.4;0;1
Train_34;31.5;0;0
Train_34;31.6;0;0
Train_34;31.7;0;0
Train_34;31.8;0;0
Train_34;31.9;0;0
Train_34;32.0;0;0
Train_34;32.1;0;0
Train_34;32.2;0;0
Train_34;32.3;0;0
Train_34;32.4;0;0
Train_34;32.5;0;0
Train_34;32.6;0;0
Train_34;32.7;0;0
Train_34;32.8;0;0
Train_34;32.9;0;0
Train_34;33.0;0;0
Train_34;33.1;0;0
Train_34;33.2;0;0
Train_34;33.3;0;0
Train_34;33.4;0;0
Train_34;33.5;0;0
Train_34;33.6;0;0
Train_34;33.7;0;0
Train_34;33.8;0;0
Train_34;33.9;0;0
Train_34;34.0;0;0
Train_34;34.1;0;0
Train_34;34.2;0;0
Train_34;34.3;0;0
Train_34;34.4;0;0
Train_34;34.5;0;0
Train_34;34.6;0;0
Train_34;34.7;0;0
Train_34;34.8;0;0
Train_34;34.9;0;0
Train_34;35.0;0;0
Train_34;35.1;0;0
Train_34;35.2;0;0
Train_34;35.3;0;0
Train_34;35.4;0;0
Train_34;35.5;0;0
Train_34;35.6;0;0
Train_34;35.7;0;0
Train_34;35.8;0;0
Train_34;35.9;0;0
Train_34;36.0;0;0
Train_34;36.1;0;0
Train_34;36.2;0;0
Train_34;36.3;0;0
Train_34;36.4;0;0
Train_34;36.5;0;0
Train_34;36.6;0;0
Train_34;36.7;0;0
Train_34;36.8;0;0
Train_34;36.9;0;0
Train_34;37.0;0;0
Train_34;37.1;0;0
Train_34;37.2;0;0
Train_34;37.3;0;0
Train_34;37.4;1;0
Train_34;37.5;1;0
Train_34;37.6;1;0
Train_34;37.7;1;0
Train_34;37.8;1;0
Train_34;37.9;1;0
Train_34;38.0;1;0
Train_34;38.1;1;0
Train_34;38.2;1;0
Train_34;38.3;0;0
Train_34;38.4;0;0
Train_34;38.5;0;0
Train_34;38.6;0;0
Train_34;38.7;0;0
Train_34;38.8;0;0
Train_34;38.9;0;0
Train_34;39.0;0;0
Train_34;39.1;0;0
Train_34;39.2;0;0
Train_34;39.3;0;0
Train_34;39.4;0;0
Train_34;39.5;0;0
Train_34;39.6;0;0
Train_34;39.7;0;0
Train_34;39.8;0;0
Train_34;39.9;0;0
Train_34;40.0;0;0
Train_34;40.1;0;0
Train_34;40.2;0;0
Train_34;40.3;0;0
Train_34;40.4;0;0
Train_34;40.5;0;0
Train_34;40.6;0;0
Train_34;40.7;0;0
Train_34;40.8;0;0
Train_34;40.9;0;0
Train_34;41.0;0;0
Train_34;41.1;0;0
Train_34;41.2;0;0
Train_34;41.3;0;0
Train_34;41.4;0;0
Train_34;41.5;0;0
Train_34;41.6;0;0
Train_34;41.7;0;0
Train_34;41.8;0;0
Train_34;41.9;0;0
Train_34;42.0;0;0
Train_34;42.1;0;0
Train_34;42.2;0;0
Train_34;42.3;0;0
Train_34;42.4;0;0
Train_34;42.5;0;0
Train_34;42.6;0;0
Train_34;42.7;0;0
Train_34;42.8;0;0
Train_34;42.9;0;0
Train_34;43.0;0;0
Train_34;43.1;0;0
Train_34;43.2;0;0
Train_34;43.3;0;0
Train_34;43.4;0;0
Train_34;43.5;0;0
Train_34;43.6;0;0
Train_34;43.7;0;0
Train_34;43.8;0;0
Train_34;43.9;0;0
Train_34;44.0;0;0
Train_34;44.1;0;0
Train_34;44.2;0;0
Train_34;44.3;0;0
Train_34;44.4;0;0
Train_34;44.5;0;0
Train_34;44.6;0;0
Train_34;44.7;0;0
Train_34;44.8;0;0
Train_34;44.9;0;0
Train_34;45.0;0;0
Train_34;45.1;0;0
Train_34;45.2;0;0
Train_34;45.3;0;0
Train_34;45.4;0;0
Train_34;45.5;0;0
Train_34;45.6;0;0
Train_34;45.7;0;0
Train_34;45.8;0;0
Train_34;45.9;0;0
Train_34;46.0;0;0
Train_34;46.1;0;0
Train_34;46.2;0;0
Train_34;46.3;0;0
Train_34;46.4;0;0
Train_34;46.5;0;0
Train_34;46.6;0;0
Train_34;46.7;0;0
Train_34;46.8;0;0
Train_34;46.9;0;0
Train_34;47.0;0;0
Train_34;47.1;0;0
Train_34;47.2;0;0
Train_34;47.3;0;0
Train_34;47.4;0;0
Train_34;47.5;0;0
Train_34;47.6;0;0
Train_34;47.7;0;0
Train_34;47.8;0;0
Train_34;47.9;0;0
Train_34;48.0;0;0
Train_34;48.1;0;0
Train_34;48.2;0;0
Train_34;48.3;0;0
Train_34;48.4;0;0
Train_34;48.5;0;0
Train_34;48.6;0;0
Train_34;48.7;0;0
Train_34;48.8;0;0
Train_34;48.9;0;0
Train_34;49.0;0;0
Train_34;49.1;0;0
Train_34;49.2;0;0
Train_34;49.3;0;0
Train_34;49.4;0;0
Train_34;49.5;0;0
Train_34;49.6;0;0
Train_34;49.7;0;0
Train_34;49.8;0;0
Train_34;49.9;0;0
Train_34;50.0;0;0
Train_34;50.1;0;0
Train_34;50.2;0;0
Train_34;50.3;0;0
Train_34;50.4;0;0
Train_34;50.5;0;0
Train_34;50.6;0;0
Train_34;50.7;0;0
Train_34;50.8;0;0
Train_34;50.9;0;0
Train_34;51.0;0;0
Train_34;51.1;0;0
Train_34;51.2;0;0
Train_34;51.3;0;0
Train_34;51.4;0;0
Train_34;51.5;0;0
Train_34;51.6;0;0
Train_34;51.7;0;0
Train_34;51.8;0;0
Train_34;51.9;0;0
Train_34;52.0;0;0
Train_34;52.1;0;0
Train_34;52.2;0;0
Train_34;52.3;0;0
Train_34;52.4;0;0
Train_34;52.5;0;0
Train_34;52.6;0;0
Train_34;52.7;0;0
Train_34;52.8;0;0
Train_34;52.9;0;0
Train_34;53.0;0;0
Train_34;53.1;0;0
Train_34;53.2;0;0
Train_34;53.3;0;0
Train_34;53.4;0;1
Train_34;53.5;0;1
Train_34;53.6;0;1
Train_34;53.7;0;1
Train_34;53.8;0;1
Train_34;53.9;0;1
Train_34;54.0;0;1
Train_34;54.1;0;0
Train_34;54.2;0;0
Train_34;54.3;0;0
Train_34;54.4;0;0
Train_34;54.5;0;0
Train_34;54.6;0;0
Train_34;54.7;0;0
Train_34;54.8;0;0
Train_34;54.9;0;0
Train_34;55.0;0;0
Train_34;55.1;0;0
Train_34;55.2;0;0
Train_34;55.3;0;0
Train_34;55.4;0;0
Train_34;55.5;0;0
Train_34;55.6;0;0
Train_34;55.7;0;0
Train_34;55.8;0;0
Train_34;55.9;0;0
Train_34;56.0;0;0
Train_34;56.1;0;0
Train_34;56.2;0;0
Train_34;56.3;0;0
Train_34;56.4;0;0
Train_34;56.5;0;0
Train_34;56.6;0;0
Train_34;56.7;0;1
Train_34;56.8;0;1
Train_34;56.9;0;1
Train_34;57.0;0;1
Train_34;57.1;0;1
Train_34;57.2;0;1
Train_34;57.3;0;1
Train_34;57.4;0;1
Train_34;57.5;0;1
Train_34;57.6;0;1
Train_34;57.7;0;1
Train_34;57.8;0;1
Train_34;57.9;0;1
Train_34;58.0;0;0
Train_34;58.1;0;0
Train_34;58.2;0;0
Train_34;58.3;0;0
Train_34;58.4;0;0
Train_34;58.5;0;0
Train_34;58.6;0;0
Train_34;58.7;0;0
Train_34;58.8;0;0
Train_34;58.9;0;0
Train_34;59.0;0;1
Train_34;59.1;0;1
Train_34;59.2;0;1
Train_34;59.3;0;1
Train_34;59.4;0;1
Train_34;59.5;0;1
Train_34;59.6;0;1
Train_34;59.7;0;1
Train_34;59.8;0;1
Train_34;59.9;0;1
Train_34;60.0;0;1
Train_34;60.1;0;1
Train_34;60.2;0;1
Train_34;60.3;0;1
Train_34;60.4;0;1
Train_34;60.5;0;1
Train_34;60.6;0;1
Train_34;60.7;0;1
Train_34;60.8;0;1
Train_34;60.9;0;1
Train_34;61.0;0;1
Train_34;61.1;0;1
Train_34;61.2;0;1
Train_34;61.3;0;1
Train_34;61.4;0;1
Train_34;61.5;0;1
Train_34;61.6;0;1
Train_34;61.7;0;1
Train_34;61.8;0;1
Train_34;61.9;0;1
Train_34;62.0;0;1
Train_34;62.1;0;1
Train_34;62.2;0;1
Train_34;62.3;0;1
Train_34;62.4;0;1
Train_34;62.5;0;1
Train_34;62.6;0;1
Train_34;62.7;0;1
Train_34;62.8;0;1
Train_34;62.9;1;1
Train_34;63.0;1;1
Train_34;63.1;1;1
Train_34;63.2;1;1
Train_34;63.3;1;1
Train_34;63.4;1;1
Train_34;63.5;0;1
Train_34;63.6;0;1
Train_34;63.7;0;1
Train_34;63.8;0;1
Train_34;63.9;0;1
Train_34;64.0;0;1
Train_34;64.1;0;1
Train_34;64.2;0;1
Train_34;64.3;0;1
Train_34;64.4;0;1
Train_34;64.5;0;1
Train_34;64.6;0;1
Train_34;64.7;0;1
Train_34;64.8;0;0
Train_34;64.9;0;0
Train_34;65.0;0;0
Train_34;65.1;0;0
Train_34;65.2;0;0
Train_34;65.3;0;0
Train_34;65.4;0;0
Train_34;65.5;0;0
Train_34;65.6;0;0
Train_34;65.7;0;0
Train_34;65.8;0;0
Train_34;65.9;0;0
Train_34;66.0;0;0
Train_34;66.1;0;0
Train_34;66.2;0;0
Train_34;66.3;0;0
Train_34;66.4;0;0
Train_34;66.5;0;0
Train_34;66.6;0;0
Train_34;66.7;0;0
Train_34;66.8;0;1
Train_34;66.9;0;1
Train_34;67.0;0;1
Train_34;67.1;0;1
Train_34;67.2;0;1
Train_34;67.3;0;1
Train_34;67.4;0;1
Train_34;67.5;0;1
Train_34;67.6;0;1
Train_34;67.7;0;0
Train_34;67.8;0;1
Train_34;67.9;0;0
Train_34;68.0;0;0
Train_34;68.1;0;0
Train_34;68.2;0;0
Train_34;68.3;0;0
Train_34;68.4;0;0
Train_34;68.5;0;0
Train_34;68.6;0;0
Train_34;68.7;0;0
Train_34;68.8;0;0
Train_34;68.9;0;1
Train_34;69.0;0;1
Train_34;69.1;0;1
Train_34;69.2;0;1
Train_34;69.3;0;1
Train_34;69.4;0;1
Train_34;69.5;0;1
Train_34;69.6;0;1
Train_34;69.7;0;1
Train_34;69.8;0;1
Train_34;69.9;0;0
Train_34;70.0;0;0
Train_34;70.1;0;0
Train_34;70.2;0;0
Train_34;70.3;0;0
Train_34;70.4;0;1
Train_34;70.5;0;1
Train_34;70.6;0;1
Train_34;70.7;0;1
Train_34;70.8;0;1
Train_34;70.9;0;1
Train_34;71.0;0;1
Train_34;71.1;0;1
Train_34;71.2;0;1
Train_34;71.3;0;1
Train_34;71.4;0;0
Train_34;71.5;0;0
Train_34;71.6;0;0
Train_34;71.7;0;0
Train_34;71.8;0;0
Train_34;71.9;0;0
Train_34;72.0;0;0
Train_34;72.1;0;0
Train_34;72.2;0;0
Train_34;72.3;0;0
Train_34;72.4;0;0
Train_34;72.5;0;0
Train_34;72.6;0;0
Train_34;72.7;0;0
Train_34;72.8;0;0
Train_34;72.9;0;0
Train_34;73.0;0;0
Train_34;73.1;0;1
Train_34;73.2;0;1
Train_34;73.3;0;1
Train_34;73.4;0;1
Train_34;73.5;0;1
Train_34;73.6;0;1
Train_34;73.7;0;1
Train_34;73.8;0;1
Train_34;73.9;0;1
Train_34;74.0;0;1
Train_34;74.1;0;1
Train_34;74.2;0;1
Train_34;74.3;0;1
Train_34;74.4;0;1
Train_34;74.5;0;1
Train_34;74.6;0;1
Train_34;74.7;0;1
Train_34;74.8;0;1
Train_34;74.9;0;0
Train_34;75.0;0;0
Train_34;75.1;0;0
Train_34;75.2;0;0
Train_34;75.3;0;0
Train_34;75.4;0;0
Train_34;75.5;0;0
Train_34;75.6;0;0
Train_34;75.7;0;0
Train_34;75.8;0;1
Train_34;75.9;0;1
Train_34;76.0;0;1
Train_34;76.1;0;1
Train_34;76.2;0;1
Train_34;76.3;0;1
Train_34;76.4;0;1
Train_34;76.5;0;1
Train_34;76.6;0;1
Train_34;76.7;0;1
Train_34;76.8;0;1
Train_34;76.9;0;1
Train_34;77.0;0;1
Train_34;77.1;0;1
Train_34;77.2;0;1
Train_34;77.3;0;1
Train_34;77.4;0;1
Train_34;77.5;0;1
Train_34;77.6;0;1
Train_34;77.7;0;1
Train_34;77.8;0;1
Train_34;77.9;0;0
Train_34;78.0;0;0
Train_34;78.1;0;0
Train_34;78.2;0;0
Train_34;78.3;1;0
Train_34;78.4;1;0
Train_34;78.5;1;0
Train_34;78.6;1;0
Train_34;78.7;1;1
Train_34;78.8;1;1
Train_34;78.9;1;1
Train_34;79.0;1;1
Train_34;79.1;1;1
Train_34;79.2;1;1
Train_34;79.3;1;1
Train_34;79.4;1;1
Train_34;79.5;1;1
Train_34;79.6;1;1
Train_34;79.7;1;1
Train_34;79.8;1;1
Train_34;79.9;1;1
Train_34;80.0;0;1
Train_34;80.1;0;1
Train_34;80.2;0;1
Train_34;80.3;0;1
Train_34;80.4;0;1
Train_34;80.5;0;1
Train_34;80.6;0;1
Train_34;80.7;0;1
Train_34;80.8;0;1
Train_34;80.9;0;1
Train_34;81.0;0;1
Train_34;81.1;0;1
Train_34;81.2;0;1
Train_34;81.3;0;1
Train_34;81.4;0;1
Train_34;81.5;0;1
Train_34;81.6;0;1
Train_34;81.7;0;1
Train_34;81.8;0;1
Train_34;81.9;0;1
Train_34;82.0;0;1
Train_34;82.1;0;1
Train_34;82.2;0;1
Train_34;82.3;0;1
Train_34;82.4;0;1
Train_34;82.5;0;1
Train_34;82.6;0;1
Train_34;82.7;0;1
Train_34;82.8;0;1
Train_34;82.9;0;1
Train_34;83.0;0;1
Train_34;83.1;0;0
Train_34;83.2;0;0
Train_34;83.3;0;0
Train_34;83.4;0;0
Train_34;83.5;0;0
Train_34;83.6;0;0
Train_34;83.7;0;0
Train_34;83.8;0;1
Train_34;83.9;0;1
Train_34;84.0;0;1
Train_34;84.1;0;1
Train_34;84.2;0;1
Train_34;84.3;0;1
Train_34;84.4;0;1
Train_34;84.5;0;1
Train_34;84.6;0;1
Train_34;84.7;0;1
Train_34;84.8;0;1
Train_34;84.9;0;1
Train_34;85.0;0;1
Train_34;85.1;0;1
Train_34;85.2;0;1
Train_34;85.3;0;1
Train_34;85.4;0;1
Train_34;85.5;0;1
Train_34;85.6;0;1
Train_34;85.7;0;1
Train_34;85.8;0;1
Train_34;85.9;0;1
Train_34;86.0;0;1
Train_34;86.1;0;1
Train_34;86.2;0;1
Train_34;86.3;0;1
Train_34;86.4;0;0
Train_34;86.5;0;0
Train_34;86.6;0;0
Train_34;86.7;0;0
Train_34;86.8;0;0
Train_34;86.9;0;0
Train_34;87.0;0;0
Train_34;87.1;0;0
Train_34;87.2;0;0
Train_34;87.3;0;0
Train_34;87.4;0;0
Train_34;87.5;0;0
Train_34;87.6;0;0
Train_34;87.7;0;0
Train_34;87.8;0;1
Train_34;87.9;0;1
Train_34;88.0;0;0
Train_34;88.1;0;0
Train_34;88.2;0;0
Train_34;88.3;0;1
Train_34;88.4;0;1
Train_34;88.5;0;1
Train_34;88.6;0;1
Train_34;88.7;0;1
Train_34;88.8;0;1
Train_34;88.9;0;1
Train_34;89.0;0;1
Train_34;89.1;0;1
Train_34;89.2;0;1
Train_34;89.3;0;1
Train_34;89.4;0;1
Train_34;89.5;0;1
Train_34;89.6;0;1
Train_34;89.7;0;1
Train_34;89.8;0;1
Train_34;89.9;0;1
Train_34;90.0;0;1
Train_34;90.1;0;1
Train_34;90.2;0;1
Train_34;90.3;0;1
Train_34;90.4;0;1
Train_34;90.5;0;1
Train_34;90.6;0;1
Train_34;90.7;0;1
Train_34;90.8;0;1
Train_34;90.9;0;1
Train_34;91.0;0;1
Train_34;91.1;0;1
Train_34;91.2;0;1
Train_34;91.3;0;1
Train_34;91.4;0;1
Train_34;91.5;0;1
Train_34;91.6;0;1
Train_34;91.7;0;1
Train_34;91.8;0;1
Train_34;91.9;0;1
Train_34;92.0;0;1
Train_34;92.1;0;1
Train_34;92.2;0;1
Train_34;92.3;0;1
Train_34;92.4;0;1
Train_34;92.5;0;1
Train_34;92.6;0;1
Train_34;92.7;0;1
Train_34;92.8;0;1
Train_34;92.9;0;1
Train_34;93.0;0;1
Train_34;93.1;0;1
Train_34;93.2;0;1
Train_34;93.3;0;1
Train_34;93.4;0;1
Train_34;93.5;0;1
Train_34;93.6;0;1
Train_34;93.7;0;1
Train_34;93.8;0;1
Train_34;93.9;0;1
Train_34;94.0;0;1
Train_34;94.1;0;1
Train_34;94.2;0;1
Train_34;94.3;0;1
Train_34;94.4;0;1
Train_34;94.5;0;1
Train_34;94.6;0;1
Train_34;94.7;0;1
Train_34;94.8;0;1
Train_34;94.9;1;1
Train_34;95.0;1;1
Train_34;95.1;1;1
Train_34;95.2;1;1
Train_34;95.3;1;1
Train_34;95.4;1;1
Train_34;95.5;1;1
Train_34;95.6;1;1
Train_34;95.7;1;1
Train_34;95.8;0;1
Train_34;95.9;0;1
Train_34;96.0;0;1
Train_34;96.1;0;1
Train_34;96.2;0;1
Train_34;96.3;0;1
Train_34;96.4;0;1
Train_34;96.5;0;1
Train_34;96.6;0;1
Train_34;96.7;0;1
Train_34;96.8;0;0
Train_34;96.9;0;0
Train_34;97.0;0;0
Train_34;97.1;0;0
Train_34;97.2;0;0
Train_34;97.3;0;0
Train_34;97.4;0;0
Train_34;97.5;0;0
Train_34;97.6;0;0
Train_34;97.7;0;0
Train_34;97.8;0;0
Train_34;97.9;0;0
Train_34;98.0;0;0
Train_34;98.1;0;1
Train_34;98.2;0;1
Train_34;98.3;0;1
Train_34;98.4;0;1
Train_34;98.5;0;1
Train_34;98.6;0;1
Train_34;98.7;0;1
Train_34;98.8;0;1
Train_34;98.9;0;1
Train_34;99.0;0;1
Train_34;99.1;0;1
Train_34;99.2;0;1
Train_34;99.3;0;1
Train_34;99.4;0;1
Train_34;99.5;0;1
Train_34;99.6;0;1
Train_34;99.7;0;1
Train_34;99.8;0;1
Train_34;99.9;0;1
Train_34;100.0;0;1
Train_34;100.1;0;1
Train_34;100.2;0;1
Train_34;100.3;0;1
Train_34;100.4;0;1
Train_34;100.5;0;1
Train_34;100.6;0;1
Train_34;100.7;0;1
Train_34;100.8;0;1
Train_34;100.9;0;1
Train_34;101.0;0;1
Train_34;101.1;0;1
Train_34;101.2;0;1
Train_34;101.3;0;1
Train_34;101.4;0;1
Train_34;101.5;0;1
Train_34;101.6;0;1
Train_34;101.7;0;1
Train_34;101.8;0;1
Train_34;101.9;0;1
Train_34;102.0;0;1
Train_34;102.1;0;1
Train_34;102.2;0;1
Train_34;102.3;0;1
Train_34;102.4;0;1
Train_34;102.5;0;1
Train_34;102.6;0;1
Train_34;102.7;0;1
Train_34;102.8;0;1
Train_34;102.9;0;1
Train_34;103.0;0;1
Train_34;103.1;0;1
Train_34;103.2;0;1
Train_34;103.3;0;1
Train_34;103.4;0;1
Train_34;103.5;0;1
Train_34;103.6;0;1
Train_34;103.7;0;1
Train_34;103.8;0;1
Train_34;103.9;0;1
Train_34;104.0;0;1
Train_34;104.1;0;1
Train_34;104.2;0;1
Train_34;104.3;0;1
Train_34;104.4;0;1
Train_34;104.5;0;1
Train_34;104.6;0;1
Train_34;104.7;0;1
Train_34;104.8;0;1
Train_34;104.9;0;1
Train_34;105.0;0;1
Train_34;105.1;0;1
Train_34;105.2;0;1
Train_34;105.3;0;1
Train_34;105.4;0;1
Train_34;105.5;0;1
Train_34;105.6;0;1
Train_34;105.7;0;1
Train_34;105.8;0;1
Train_34;105.9;0;1
Train_34;106.0;0;1
Train_34;106.1;0;1
Train_34;106.2;0;1
Train_34;106.3;0;1
Train_34;106.4;0;1
Train_34;106.5;0;1
Train_34;106.6;0;1
Train_34;106.7;0;1
Train_34;106.8;0;1
Train_34;106.9;0;1
Train_34;107.0;0;1
Train_34;107.1;0;1
Train_34;107.2;0;1
Train_34;107.3;0;1
Train_34;107.4;0;1
Train_34;107.5;0;1
Train_34;107.6;0;1
Train_34;107.7;0;1
Train_34;107.8;0;1
Train_34;107.9;0;1
Train_34;108.0;0;1
Train_34;108.1;0;1
Train_34;108.2;0;1
Train_34;108.3;0;1
Train_34;108.4;0;1
Train_34;108.5;0;1
Train_34;108.6;0;1
Train_34;108.7;0;1
Train_34;108.8;0;1
Train_34;108.9;0;1
Train_34;109.0;0;1
Train_34;109.1;0;1
Train_34;109.2;0;1
Train_34;109.3;0;1
Train_34;109.4;0;1
Train_34;109.5;0;1
Train_34;109.6;0;1
Train_34;109.7;0;1
Train_34;109.8;0;1
Train_34;109.9;0;1
Train_34;110.0;0;1
Train_34;110.1;0;1
Train_34;110.2;0;1
Train_34;110.3;0;1
Train_34;110.4;0;1
Train_34;110.5;0;1
Train_34;110.6;0;1
Train_34;110.7;0;1
Train_34;110.8;0;1
Train_34;110.9;0;1
Train_34;111.0;0;1
Train_34;111.1;0;1
Train_34;111.2;0;1
Train_34;111.3;0;1
Train_34;111.4;0;1
Train_34;111.5;0;1
Train_34;111.6;0;1
Train_34;111.7;0;1
Train_34;111.8;0;1
Train_34;111.9;0;1
Train_34;112.0;0;1
Train_34;112.1;0;1
Train_34;112.2;0;1
Train_34;112.3;0;1
Train_34;112.4;0;1
Train_34;112.5;0;1
Train_34;112.6;0;1
Train_34;112.7;0;1
Train_34;112.8;0;0
Train_34;112.9;0;0
Train_34;113.0;0;0
Train_34;113.1;0;0
Train_34;113.2;0;0
Train_34;113.3;0;0
Train_34;113.4;0;1
Train_34;113.5;0;1
Train_34;113.6;0;1
Train_34;113.7;0;1
Train_34;113.8;0;1
Train_34;113.9;0;1
Train_34;114.0;0;1
Train_34;114.1;0;1
Train_34;114.2;0;1
Train_34;114.3;0;1
Train_34;114.4;1;1
Train_34;114.5;1;1
Train_34;114.6;1;1
Train_34;114.7;1;1
Train_34;114.8;1;1
Train_34;114.9;0;1
Train_34;115.0;0;1
Train_34;115.1;0;1
Train_34;115.2;0;1
Train_34;115.3;0;1
Train_34;115.4;0;1
Train_34;115.5;0;1
Train_34;115.6;0;1
Train_34;115.7;0;1
Train_34;115.8;0;1
Train_34;115.9;0;1
Train_34;116.0;0;1
Train_34;116.1;0;1
Train_34;116.2;0;1
Train_34;116.3;0;1
Train_34;116.4;0;1
Train_34;116.5;0;1
Train_34;116.6;0;1
Train_34;116.7;0;1
Train_34;116.8;0;1
Train_34;116.9;0;1
Train_34;117.0;0;1
Train_34;117.1;0;1
Train_34;117.2;0;1
Train_34;117.3;0;1
Train_34;117.4;0;1
Train_34;117.5;0;1
Train_34;117.6;0;1
Train_34;117.7;0;1
Train_34;117.8;0;1
Train_34;117.9;0;1
Train_34;118.0;0;1
Train_34;118.1;0;1
Train_34;118.2;0;1
Train_34;118.3;0;1
Train_34;118.4;0;1
Train_34;118.5;0;1
Train_34;118.6;0;1
Train_34;118.7;0;1
Train_34;118.8;0;1
Train_34;118.9;0;1
Train_34;119.0;0;0
Train_34;119.1;0;0
Train_34;119.2;0;0
Train_34;119.3;0;0
Train_34;119.4;0;0
Train_34;119.5;0;0
Train_34;119.6;0;0
Train_34;119.7;0;0
Train_34;119.8;0;0
Train_34;119.9;0;0
Train_34;120.0;0;0
Train_34;120.1;0;0
Train_34;120.2;0;0
Train_34;120.3;0;0
Train_34;120.4;0;0
Train_34;120.5;0;0
Train_34;120.6;0;0
Train_34;120.7;0;0
Train_34;120.8;0;0
Train_34;120.9;0;0
Train_34;121.0;0;0
Train_34;121.1;0;0
Train_34;121.2;0;0
Train_34;121.3;0;0
Train_34;121.4;0;0
Train_34;121.5;0;0
Train_34;121.6;0;0
Train_34;121.7;0;0
Train_34;121.8;0;0
Train_34;121.9;0;0
Train_34;122.0;0;0
Train_34;122.1;0;0
Train_34;122.2;0;0
Train_34;122.3;0;0
Train_34;122.4;0;0
Train_34;122.5;0;0
Train_34;122.6;0;0
Train_34;122.7;0;0
Train_34;122.8;0;0
Train_34;122.9;0;0
Train_34;123.0;0;0
Train_34;123.1;0;0
Train_34;123.2;0;1
Train_34;123.3;0;1
Train_34;123.4;0;1
Train_34;123.5;0;1
Train_34;123.6;0;1
Train_34;123.7;0;1
Train_34;123.8;0;1
Train_34;123.9;0;1
Train_34;124.0;0;1
Train_34;124.1;0;1
Train_34;124.2;0;1
Train_34;124.3;0;1
Train_34;124.4;0;1
Train_34;124.5;0;1
Train_34;124.6;0;1
Train_34;124.7;0;1
Train_34;124.8;0;1
Train_34;124.9;0;1
Train_34;125.0;0;1
Train_34;125.1;0;1
Train_34;125.2;0;1
Train_34;125.3;0;1
Train_34;125.4;0;1
Train_34;125.5;0;1
Train_34;125.6;0;1
Train_34;125.7;0;1
Train_34;125.8;0;1
Train_34;125.9;0;1
Train_34;126.0;0;1
Train_34;126.1;0;1
Train_34;126.2;0;1
Train_34;126.3;0;1
Train_34;126.4;1;1
Train_34;126.5;1;1
Train_34;126.6;1;1
Train_34;126.7;1;1
Train_34;126.8;1;1
Train_34;126.9;1;1
Train_34;127.0;1;1
Train_34;127.1;1;1
Train_34;127.2;1;1
Train_34;127.3;1;1
Train_34;127.4;0;1
Train_34;127.5;0;1
Train_34;127.6;0;1
Train_34;127.7;0;1
Train_34;127.8;0;1
Train_34;127.9;0;1
Train_34;128.0;0;1
Train_34;128.1;0;1
Train_34;128.2;0;1
Train_34;128.3;0;1
Train_34;128.4;0;1
Train_34;128.5;0;1
Train_34;128.6;0;1
Train_34;128.7;0;1
Train_34;128.8;0;1
Train_34;128.9;1;1
Train_34;129.0;1;1
Train_34;129.1;1;1
Train_34;129.2;1;1
Train_34;129.3;1;1
Train_34;129.4;1;1
Train_34;129.5;1;1
Train_34;129.6;1;1
Train_34;129.7;1;1
Train_34;129.8;0;1
Train_34;129.9;0;1
Train_34;130.0;0;1
Train_34;130.1;0;1
Train_34;130.2;0;1
Train_34;130.3;0;1
Train_34;130.4;0;1
Train_34;130.5;0;1
Train_34;130.6;0;1
Train_34;130.7;0;1
Train_34;130.8;0;1
Train_34;130.9;0;1
Train_34;131.0;0;1
Train_34;131.1;0;1
Train_34;131.2;0;1
Train_34;131.3;0;1
Train_34;131.4;0;1
Train_34;131.5;0;1
Train_34;131.6;0;1
Train_34;131.7;0;1
Train_34;131.8;0;1
Train_34;131.9;0;1
Train_34;132.0;0;1
Train_34;132.1;0;1
Train_34;132.2;0;1
Train_34;132.3;0;1
Train_34;132.4;0;1
Train_34;132.5;0;1
Train_34;132.6;0;1
Train_34;132.7;0;1
Train_34;132.8;0;1
Train_34;132.9;0;1
Train_34;133.0;0;1
Train_34;133.1;0;1
Train_34;133.2;0;1
Train_34;133.3;0;1
Train_34;133.4;0;1
Train_34;133.5;0;1
Train_34;133.6;0;1
Train_34;133.7;0;1
Train_34;133.8;0;1
Train_34;133.9;0;1
Train_34;134.0;0;1
Train_34;134.1;0;1
Train_34;134.2;0;1
Train_34;134.3;0;1
Train_34;134.4;0;1
Train_34;134.5;0;1
Train_34;134.6;0;1
Train_34;134.7;0;1
Train_34;134.8;0;1
Train_34;134.9;0;1
Train_34;135.0;0;1
Train_34;135.1;1;1
Train_34;135.2;1;1
Train_34;135.3;1;1
Train_34;135.4;1;1
Train_34;135.5;1;1
Train_34;135.6;1;1
Train_34;135.7;1;1
Train_34;135.8;1;1
Train_34;135.9;1;1
Train_34;136.0;1;1
Train_34;136.1;0;1
Train_34;136.2;0;1
Train_34;136.3;0;1
Train_34;136.4;0;1
Train_34;136.5;0;1
Train_34;136.6;0;1
Train_34;136.7;0;1
Train_34;136.8;0;1
Train_34;136.9;0;1
Train_34;137.0;0;1
Train_34;137.1;0;1
Train_34;137.2;0;1
Train_34;137.3;0;1
Train_34;137.4;0;1
Train_34;137.5;0;1
Train_34;137.6;0;1
Train_34;137.7;0;1
Train_34;137.8;0;1
Train_34;137.9;0;1
Train_34;138.0;0;1
Train_34;138.1;0;1
Train_34;138.2;0;1
Train_34;138.3;0;1
Train_34;138.4;0;1
Train_34;138.5;0;1
Train_34;138.6;0;1
Train_34;138.7;0;1
Train_34;138.8;0;1
Train_34;138.9;0;1
Train_34;139.0;0;1
Train_34;139.1;0;1
Train_34;139.2;0;1
Train_34;139.3;0;1
Train_34;139.4;0;1
Train_34;139.5;0;1
Train_34;139.6;0;1
Train_34;139.7;0;1
Train_34;139.8;0;1
Train_34;139.9;0;1
Train_34;140.0;0;1
Train_34;140.1;0;1
Train_34;140.2;0;1
Train_34;140.3;0;1
Train_34;140.4;0;1
Train_34;140.5;0;1
Train_34;140.6;0;1
Train_34;140.7;0;1
Train_34;140.8;0;1
Train_34;140.9;0;1
Train_34;141.0;0;1
Train_34;141.1;0;1
Train_34;141.2;0;1
Train_34;141.3;0;1
Train_34;141.4;0;1
Train_34;141.5;0;1
Train_34;141.6;0;1
Train_34;141.7;0;1
Train_34;141.8;0;1
Train_34;141.9;0;1
Train_34;142.0;0;1
Train_34;142.1;0;1
Train_34;142.2;0;1
Train_34;142.3;0;1
Train_34;142.4;0;1
Train_34;142.5;0;1
Train_34;142.6;0;1
Train_34;142.7;0;1
Train_34;142.8;0;1
Train_34;142.9;0;1
Train_34;143.0;0;1
Train_34;143.1;0;1
Train_34;143.2;0;1
Train_34;143.3;0;1
Train_34;143.4;0;1
Train_34;143.5;0;1
Train_34;143.6;0;1
Train_34;143.7;0;1
Train_34;143.8;0;1
Train_34;143.9;0;1
Train_34;144.0;0;1
Train_34;144.1;0;1
Train_34;144.2;0;1
Train_34;144.3;0;1
Train_34;144.4;0;1
Train_34;144.5;0;1
Train_34;144.6;0;1
Train_34;144.7;0;1
Train_34;144.8;0;1
Train_34;144.9;0;1
Train_34;145.0;0;1
Train_34;145.1;0;1
Train_34;145.2;0;1
Train_34;145.3;0;1
Train_34;145.4;0;1
Train_34;145.5;0;1
Train_34;145.6;0;1
Train_34;145.7;0;1
Train_34;145.8;0;1
Train_34;145.9;0;1
Train_34;146.0;0;1
Train_34;146.1;0;1
Train_34;146.2;0;1
Train_34;146.3;0;1
Train_34;146.4;0;1
Train_34;146.5;0;1
Train_34;146.6;0;1
Train_34;146.7;0;1
Train_34;146.8;0;1
Train_34;146.9;0;0
Train_34;147.0;0;0
Train_34;147.1;0;0
Train_34;147.2;0;0
Train_34;147.3;0;0
Train_34;147.4;0;0
Train_34;147.5;0;0
Train_34;147.6;0;0
Train_34;147.7;0;0
Train_34;147.8;0;0
Train_34;147.9;0;0
Train_34;148.0;0;0
Train_34;148.1;0;0
Train_34;148.2;0;0
Train_34;148.3;0;0
Train_34;148.4;0;0
Train_34;148.5;0;0
Train_34;148.6;0;0
Train_34;148.7;0;0
Train_34;148.8;0;0
Train_34;148.9;0;0
Train_34;149.0;0;0
Train_34;149.1;0;0
Train_34;149.2;0;0
Train_34;149.3;0;0
Train_34;149.4;0;0
Train_34;149.5;0;0
Train_34;149.6;0;0
Train_34;149.7;0;0
Train_34;149.8;0;0
Train_34;149.9;0;0
Train_34;150.0;0;0
Train_34;150.1;0;0
Train_34;150.2;0;0
Train_34;150.3;0;0
Train_34;150.4;0;0
Train_34;150.5;0;0
Train_34;150.6;0;0
Train_34;150.7;0;0
Train_34;150.8;0;0
Train_34;150.9;0;0
Train_34;151.0;0;0
Train_34;151.1;0;0
Train_34;151.2;0;0
Train_34;151.3;0;0
Train_34;151.4;0;0
Train_34;151.5;0;0
Train_34;151.6;0;0
Train_34;151.7;0;0
Train_34;151.8;0;1
Train_34;151.9;0;1
Train_34;152.0;0;1
Train_34;152.1;0;0
Train_34;152.2;0;0
Train_34;152.3;0;0
Train_34;152.4;0;0
Train_34;152.5;0;0
Train_34;152.6;0;0
Train_34;152.7;0;0
Train_34;152.8;0;1
Train_34;152.9;0;1
Train_34;153.0;0;1
Train_34;153.1;0;1
Train_34;153.2;0;1
Train_34;153.3;0;1
Train_34;153.4;0;1
Train_34;153.5;0;1
Train_34;153.6;0;1
Train_34;153.7;0;1
Train_34;153.8;0;1
Train_34;153.9;0;1
Train_34;154.0;0;1
Train_34;154.1;0;0
Train_34;154.2;0;0
Train_34;154.3;0;0
Train_34;154.4;0;0
Train_34;154.5;0;0
Train_34;154.6;0;0
Train_34;154.7;0;0
Train_34;154.8;0;0
Train_34;154.9;0;0
Train_34;155.0;0;0
Train_34;155.1;0;0
Train_34;155.2;0;0
Train_34;155.3;0;1
Train_34;155.4;0;1
Train_34;155.5;0;1
Train_34;155.6;0;1
Train_34;155.7;0;1
Train_34;155.8;0;1
Train_34;155.9;0;0
Train_34;156.0;0;0
Train_34;156.1;0;0
Train_34;156.2;0;0
Train_34;156.3;0;0
Train_34;156.4;0;0
Train_34;156.5;0;0
Train_34;156.6;0;0
Train_34;156.7;0;0
Train_34;156.8;0;0
Train_34;156.9;0;0
Train_34;157.0;0;1
Train_34;157.1;0;1
Train_34;157.2;1;1
Train_34;157.3;1;1
Train_34;157.4;1;0
Train_34;157.5;1;0
Train_34;157.6;1;0
Train_34;157.7;1;0
Train_34;157.8;1;0
Train_34;157.9;1;0
Train_34;158.0;0;0
Train_34;158.1;0;0
Train_34;158.2;0;0
Train_34;158.3;0;1
Train_34;158.4;0;1
Train_34;158.5;0;1
Train_34;158.6;0;1
Train_34;158.7;0;1
Train_34;158.8;0;1
Train_34;158.9;0;1
Train_34;159.0;0;1
Train_34;159.1;0;1
Train_34;159.2;0;1
Train_34;159.3;0;1
Train_34;159.4;0;1
Train_34;159.5;0;1
Train_34;159.6;0;1
Train_34;159.7;0;1
Train_34;159.8;0;1
Train_34;159.9;0;1
Train_34;160.0;0;1
Train_34;160.1;0;1
Train_34;160.2;0;1
Train_34;160.3;0;1
Train_34;160.4;0;1
Train_34;160.5;0;1
Train_34;160.6;0;1
Train_34;160.7;0;1
Train_34;160.8;0;1
Train_34;160.9;0;0
Train_34;161.0;0;0
Train_34;161.1;0;0
Train_34;161.2;0;0
Train_34;161.3;0;0
Train_34;161.4;0;0
Train_34;161.5;0;0
Train_34;161.6;0;0
Train_34;161.7;0;0
Train_34;161.8;0;0
Train_34;161.9;0;0
Train_34;162.0;0;0
Train_34;162.1;0;0
Train_34;162.2;0;0
Train_34;162.3;0;0
Train_34;162.4;0;0
Train_34;162.5;0;0
Train_34;162.6;0;0
Train_34;162.7;0;0
Train_34;162.8;0;0
Train_34;162.9;0;0
Train_34;163.0;0;0
Train_34;163.1;0;0
Train_34;163.2;0;0
Train_34;163.3;0;0
Train_34;163.4;0;0
Train_34;163.5;0;0
Train_34;163.6;0;0
Train_34;163.7;0;0
Train_34;163.8;0;0
Train_34;163.9;0;0
Train_34;164.0;0;0
Train_34;164.1;0;0
Train_34;164.2;0;0
Train_34;164.3;0;0
Train_34;164.4;0;0
Train_34;164.5;0;0
Train_34;164.6;0;0
Train_34;164.7;0;0
Train_34;164.8;0;0
Train_34;164.9;0;0
Train_34;165.0;0;0
Train_34;165.1;0;0
Train_34;165.2;0;0
Train_34;165.3;0;0
Train_34;165.4;0;1
Train_34;165.5;0;1
Train_34;165.6;0;1
Train_34;165.7;0;1
Train_34;165.8;0;1
Train_34;165.9;0;1
Train_34;166.0;0;1
Train_34;166.1;0;1
Train_34;166.2;0;1
Train_34;166.3;0;1
Train_34;166.4;0;1
Train_34;166.5;0;1
Train_34;166.6;0;1
Train_34;166.7;0;1
Train_34;166.8;0;1
Train_34;166.9;0;1
Train_34;167.0;0;1
Train_34;167.1;0;1
Train_34;167.2;0;1
Train_34;167.3;0;1
Train_34;167.4;0;1
Train_34;167.5;0;1
Train_34;167.6;0;1
Train_34;167.7;0;1
Train_34;167.8;0;1
Train_34;167.9;0;1
Train_34;168.0;0;1
Train_34;168.1;0;1
Train_34;168.2;0;1
Train_34;168.3;0;1
Train_34;168.4;0;1
Train_34;168.5;0;1
Train_34;168.6;0;1
Train_34;168.7;0;1
Train_34;168.8;0;1
Train_34;168.9;0;1
Train_34;169.0;0;1
Train_34;169.1;0;1
Train_34;169.2;0;1
Train_34;169.3;0;1
Train_34;169.4;0;1
Train_34;169.5;0;1
Train_34;169.6;0;1
Train_34;169.7;0;1
Train_34;169.8;0;1
Train_34;169.9;0;1
Train_34;170.0;0;1
Train_34;170.1;0;1
Train_34;170.2;0;1
Train_34;170.3;0;1
Train_34;170.4;0;1
Train_34;170.5;0;1
Train_34;170.6;0;1
Train_34;170.7;0;1
Train_34;170.8;0;1
Train_34;170.9;1;1
Train_34;171.0;1;1
Train_34;171.1;1;1
Train_34;171.2;1;1
Train_34;171.3;1;1
Train_34;171.4;1;1
Train_34;171.5;1;1
Train_34;171.6;1;1
Train_34;171.7;0;1
Train_34;171.8;0;1
Train_34;171.9;0;1
Train_34;172.0;0;0
Train_34;172.1;0;0
Train_34;172.2;0;0
Train_34;172.3;0;0
Train_34;172.4;0;0
Train_34;172.5;0;0
Train_34;172.6;0;0
Train_34;172.7;0;0
Train_34;172.8;0;0
Train_34;172.9;0;0
Train_34;173.0;0;0
Train_34;173.1;0;0
Train_34;173.2;0;0
Train_34;173.3;0;0
Train_34;173.4;0;0
Train_34;173.5;0;0
Train_34;173.6;0;0
Train_34;173.7;0;0
Train_34;173.8;0;0
Train_34;173.9;0;0
Train_34;174.0;0;0
Train_34;174.1;0;0
Train_34;174.2;0;0
